source,place,comment,aspects_detected,num_aspects,dominant_sentiment,human_aspects,human_sentiment
GoogleMaps,Uluru-Kata Tjuta,"Remarkable and anbsolute respect, there seems to be many spirits no menace instead a merged dream like and yet aware land. This nations land has been one of the most beautiful experience in a land that gives.",Scenery/Landscape,1,positive,,
Reddit/AITAH,Uluru-Kata Tjuta,Uluru now.,none_detected,0,neutral,,
Reddit/AbsoluteUnits,Uluru-Kata Tjuta,"[[More info] Uluru is sacred to the Pitjantjatjara, the Aboriginal people of the area, known as the Aṉangu. The area around the formation is home to an abundance of springs, waterholes, rock caves and ancient paintings. Uluru is listed as a UNESCO World Heritage Site. Uluru and Kata Tjuta, also known as the Olgas, are the two major features of the Uluṟyou-Kata Tjuṯa National Park.](",Scenery/Landscape; Cultural Experience,2,neutral,,
Reddit/Art,Uluru-Kata Tjuta,I visited Uluru/Ayer's Rock once. I went during the summer. Big mistake - and even bigger flies :(,Weather/Climate; Scenery/Landscape,2,neutral,,
Reddit/AskAnAustralian,Uluru-Kata Tjuta,"Fly into Ayers Rock Airport, much closer to the rock than Alice Springs",Weather/Climate; Scenery/Landscape,2,neutral,,
Reddit/AussieTikTokSnark,Uluru-Kata Tjuta,"Thank you! I have been trying to do my own research this weekend as it is something i had never even considered before with the tourism based around Uluru, something i am keen to learn more about for sure",none_detected,0,neutral,,
Reddit/AustraliaTravel,Uluru-Kata Tjuta,must have taken after the white people after they colonized. ayers rock is an english name that was names by william gosse in 1873,Scenery/Landscape,1,neutral,,
Reddit/AustralianPolitics,Uluru-Kata Tjuta,"Debunking the 26-page shit sandwich from the Brexit-like No campaign of lies and fearmongering. 1. The Uluru Statement is literally a real physical signed document, like the Declaration of Independence. There are photographs So if this is the Uluru Statement, does the Uluru Statement call for a Voice or does it called for mechanisms OTHER than a Voice? Which is it? Listing all the random things different people say in meetings, often contradictory because different people say different things, is not a ""statement"" of any sort. >statement > >/ˈsteɪtm(ə)nt/ > >noun >noun: statement; plural noun: statements >1. a **definite or clear expression** of something in speech or writing. > > ""do you agree with this statement?"" There are not nothing definitive or clear about that 26 page supplement. Anything who thinks this matches the dictionary definition a ""statement"" is a moron. 3. Go to the earliest archived version of the Uluru Statement website: It is 1 page, and Our Story is a separate section (like on the current website). If that is still part of the Uluru Statement, I guess these morons think the ""Campaign Toolkit"" and the ""FAQ"" section is also the Uluru Statement?",none_detected,0,neutral,,
Reddit/Damnthatsinteresting,Uluru-Kata Tjuta,"From what I understand, the walk area itself is not sacred but the pollution from people going to the bathroom up there as well as trash washed off it and destroyed the sacred sites and put several native wildlife species at risk. There are several locations around Uluru that you cannot take photos of and some where its fine.",Safety; Activities/Walks; Cultural Experience; Accessibility/Facilities,4,neutral,,
Reddit/DeltaForceGlobal,Uluru-Kata Tjuta,Where did you get killed? I killed that guy at the major sub dorm with uluru's fire,Accommodation,1,neutral,,
Reddit/DesirePath,Uluru-Kata Tjuta,The reason Uluru looks like this is because of erosion so it will disappear eventually. And sometimes it rains a lot so over time it will wash out.,none_detected,0,neutral,,
Reddit/EarthPorn,Uluru-Kata Tjuta,Starting to look like a triple Uluru.,none_detected,0,neutral,,
Reddit/FacebookScience,Uluru-Kata Tjuta,Uluru is how Uhuru spelled her name in kindergarten before she learned her letters.,none_detected,0,neutral,,
Reddit/HolyShitHistory,Uluru-Kata Tjuta,"The sweater was only found years later, when authorities began searching for the bones of a conspiracy theorist who died around Uluru, believing it to be a hotspot of alien abduction. It was found next to the mouth of a dingo den",none_detected,0,neutral,,
Reddit/MonopolyGoTrading,Uluru-Kata Tjuta,If I get an extra happiness or mount uluru and they become tradeable I will check in with you. I only need 3 golds to finish and I have both of those already!,Accommodation,1,neutral,,
Reddit/Monopoly_GO,Uluru-Kata Tjuta,Please consider me for uluru! Play MONOPOLY GO! with me! Download it here: .ly/BxOBVHOjFX4,none_detected,0,neutral,,
Reddit/NatureIsFuckingLit,Uluru-Kata Tjuta,"In case anyone else want's to know where it is, here is the [google maps link](",Accessibility/Facilities,1,neutral,,
Reddit/PixelArt,Uluru-Kata Tjuta,Now can someone Photoshop the black hole and rings above the real Uluru? I would do it but honestly I suck at it,none_detected,0,neutral,,
Reddit/PokemonScarletViolet,Uluru-Kata Tjuta,"In geological terms, Uluru is an inselberg/monadnock. It is an isolated ""hill, knob, ridge, or small mountain made of rock."" It was part of the Petermann Mountain Range (mostly comprised of soft rock, which has since been all eroded away, leaving behind the arkose). You are correct that it is an enormous rock, but I would not say it is wrong to call it a small mountain either. Fun fact to anyone that cares: Uluru is ""the tip of the iceberg"" - it continues down into the Earth for up to 6km (Uluru is about 343m above the ground).",Scenery/Landscape,1,neutral,,
Reddit/PublicFreakout,Uluru-Kata Tjuta,Uluru?,none_detected,0,neutral,,
Reddit/RareHistoricalPhotos,Uluru-Kata Tjuta,A young girl and her mother were nearly attacked at the same camping site I want to say within a few days of Azaria's death! The authorities refused to acknowledge that the dingoes in the area were growing more bold around humans. They did not want the number of visitors at Uluru to decrease which probably had something to do with the insistence that the parents must have done it. Rip Azaria! She and her parents deserved better!,Activities/Walks,1,neutral,,
Reddit/Reverse1999,Uluru-Kata Tjuta,"I Do Not Know, because Uluru Games is the Arcanist Olympics despite the fact that Olympics at least is country neutral, while Uluru refers to a rock in Australia. :/",Scenery/Landscape,1,neutral,,
Reddit/Stargazing,Uluru-Kata Tjuta,"This image was a difficult one to get, as the national park around Uluru closes at night. Luckily there was a short time window where it was dark enough to shoot the sky before we had to leave, and the center of the Milky Way was perfectly positioned above the famous landmark. more of my work prints are available on request",Accommodation; Scenery/Landscape,2,neutral,,
Reddit/SteamDeck,Uluru-Kata Tjuta,I did not know there is vegetation around Uluru,none_detected,0,neutral,,
Reddit/australia,Uluru-Kata Tjuta,"You can see the same sort of landscape anywhere around the area, this is nothing that is special to the National Park. The main reason you are going to Uluru is to see Uluru. If you want rugged landscapes you do not need to make it all the way out there. This is the argument.",Scenery/Landscape,1,positive,,
Reddit/australian,Uluru-Kata Tjuta,"> Most visitors were not climbing Uluru so I do not think that is the issue. What they do not mention is that years before it was banned they were already making it extremely hard to climb. The climb was closed 90% of the time because it was too windy, too sunny, a sacred day, etc. So a huge number of people would show up thinking they could climb but not be able to.",Weather/Climate; Activities/Walks; Cultural Experience,3,neutral,,
Reddit/aviation,Uluru-Kata Tjuta,Flight to Broome from Sydney? I am only asking because my flight from Sydney to Broome went over Kati Thanda and Uluru along the way.,none_detected,0,neutral,,
Reddit/backpacking,Uluru-Kata Tjuta,Uluru is on my bucket list! Since it is only a 26 hour drive away I always figure I have plenty of time to do it.,Accessibility/Facilities,1,neutral,,
Reddit/civ,Uluru-Kata Tjuta,"I thought the deal with olgas was that it is entirely passable to men but not women. In part that is why the olgas are more ok to climb because the locals did not really want to use their only justification to be ""hey dudes can but not women"" vs uluru where even their own tribe only allow the elders to travel in times of need to convene with spirits. Bunch of religious nonsense to me, but they were shafted with land theft and while not just handing them back 300k acres of park land, I say let them have their rock because we took all their other shit.",Scenery/Landscape; Safety; Activities/Walks; Cultural Experience,4,neutral,,
Reddit/geography,Uluru-Kata Tjuta,"Uluru is 270km off the main highway, the turn off is 200km south of Alice. Australia is huge and empty, there is only four McDonald's between Adelaide and Darwin, that is 3000km. It is over 1200km between Port Augusta and Alice Springs there is almost nothing between the two. The furthest point to a McDonald's in the US (lower 48) is about 230km driving distance.",Accessibility/Facilities,1,neutral,,
Reddit/gifs,Uluru-Kata Tjuta,"Uluru, the biggest rock in the world, located in Australia. Its pretty amazing.",Scenery/Landscape,1,neutral,,
Reddit/interestingasfuck,Uluru-Kata Tjuta,Yeah I am aware but that does not mean that the world at large knows it by that name. As a Californian I know that Uluru would be unheard of but a good number would know about Ayers Rock. The name change was not news here.,Scenery/Landscape,1,positive,,
Reddit/megalophobia,Uluru-Kata Tjuta,"[[More info] Uluru is sacred to the Pitjantjatjara, the Aboriginal people of the area, known as the Aṉangu. The area around the formation is home to an abundance of springs, waterholes, rock caves and ancient paintings. Uluru is listed as a UNESCO World Heritage Site. Uluru and Kata Tjuta, also known as the Olgas, are the two major features of the Uluṟyou-Kata Tjuṯa National Park.](",Scenery/Landscape; Cultural Experience,2,neutral,,
Reddit/miniminutemanfans,Uluru-Kata Tjuta,"Australian here, Uluru is sacred to the Aboriginal peoples of the area and they never wanted anybody to climb it. It was closed off after some controversial incidents (from nudity to golfing) that led the local board to prohibit climbing Uluru. Just some interesting titbits for you",Activities/Walks; Cultural Experience,2,neutral,,
Reddit/pics,Uluru-Kata Tjuta,Officially it is dual named Ayers Rock and Uluru. Source:,Scenery/Landscape,1,neutral,,
Reddit/space,Uluru-Kata Tjuta,"This image was a difficult one to get, as the national park around Uluru closes at night. Luckily there was a short time window where it was dark enough to shoot the sky before we had to leave, and the center of the Milky Way was perfectly positioned above the famous landmark. more of my work",Accommodation; Scenery/Landscape,2,neutral,,
Reddit/teenagers,Uluru-Kata Tjuta,It looks like Uluru,none_detected,0,neutral,,
Reddit/theydidthemath,Uluru-Kata Tjuta,"For the first one: Antipode of Uluru is in the middle of the Atlantic, falling far to the east of US and actually relatively south of the entirety of Arizona too. Barringer Crater's antipode therefore falls off the coast of Madagascar to the southeast by a fair distance. I will let someone else deal with force, because that is a wild question.",none_detected,0,neutral,,
Reddit/todayilearned,Uluru-Kata Tjuta,"That Is not true at all. Every aussie used to (and most still do) call it Ayers Rock until the PC police came in a few years ago. In fact I think it would be more likely to be tourists that call it that, as that is all they have known it by",Safety; Scenery/Landscape,2,neutral,,
Reddit/tomatoes,Uluru-Kata Tjuta,"I grew Uluru Ochre this year as well. I did not care for the flavor raw, but it does make a nice tomato soup!",none_detected,0,neutral,,
Reddit/travel,Uluru-Kata Tjuta,"Haha yeah as an indigenous person please allow me to be the first person on this thread to call you a twat. Your entire comment is just ridiculous, claiming climbing Uluru finally made you respect indigenous culture, what absolute nonsense, are you even listening to yourself",Activities/Walks; Cultural Experience,2,neutral,,
Reddit/vegetablegardening,Uluru-Kata Tjuta,"You can pick them like you did, just let them sit on the kitchen counter for a couple of days until they get a very deep orange color. I can try to find pictures of a ripe Uluru from my harvests.",Accommodation; Scenery/Landscape,2,neutral,,
Reddit/waterford,Uluru-Kata Tjuta,"Well yes people sometimes are left with life changing mental disorders through drug use etc .living on the street etc .Absolutely bothering people is not good totally agree ,however the label put on the person is a bit unkind .We were told of the person's behaviour and given an update regarding the uluru .But people do act in ways that is not acceptable. But again thanks for the latest information.",Accessibility/Facilities,1,neutral,,
Reddit/worldnews,Uluru-Kata Tjuta,"How are they going to enforce the ban? The article says climbing Uluru is not officially banned currently, but there are signs warning against climbing because it is dangerous and to respect the indigenous people's wishes. It seems so backwards that some people know why a ban is coming and still trash it.",Safety; Activities/Walks; Cultural Experience; Accessibility/Facilities,4,positive,,
TripAdvisor,Uluru-Kata Tjuta,This is not the easiest place to visit but it is well worth the effort involved in getting there. A two night stay in the Ayer's rock resort will give you time to see sunrise and sunset. Park tickets are valid for 3 days and you can enter as many times as you want. I would recommend that you hire a car as this gives you the freedom to to do what you want. We had not pre- booked a car and were able to hire one at the resort. However we went out of school holidays and the hire car companies do recommend pre-booking.There are guided tours but these do tend to be long. It can be extremely hot and the flies are a pain. The shops in the resort do sell fly nets. You also need a lots of fluid and I would recommend buying a box of water bottles from the local shop. Driving around Uluru gives you fantastic views and there are plenty of places to stop.,Activities/Walks; Accessibility/Facilities; Weather/Climate; Value/Cost; Accommodation; Scenery/Landscape,6,neutral,,
GoogleMaps,Alice Springs Desert Park,I appreciate how animal- friendly the species are being kept,Guides/Staff,1,positive,,
Reddit/ABCaus,Alice Springs Desert Park,Problems from within? So you think the situation in Alice Springs happened in a vacuum and the governments treatment of Indigenous peoples i.e. not even considering them people for the vast majority of this country's existence have had absolutely no impact on it?,Cultural Experience,1,neutral,,
Reddit/AFL,Alice Springs Desert Park,i love how beautiful and positive this is. i grew up in alice springs and love it unconditionally and it feels like the only time you ever hear about it anymore is through some a current affair tier 'violent youths gone wild' sensationalism,Safety; Scenery/Landscape,2,positive,,
Reddit/AbsoluteUnits,Alice Springs Desert Park,"I was there late last year! It is a beautiful place with tons of roos living it up. Roger is actually way older now and has arthritis, but there are several wicked built boys who look like this too. I highly recommend going for a tour if you are ever in the Alice Springs area.",Activities/Walks; Scenery/Landscape,2,positive,,
Reddit/AnimalsBeingBros,Alice Springs Desert Park,I lived in Alice Springs for 18 years and had no idea there was a Kangaroo Sanctuary because kangaroos are litterally everywhere (used to get into the school yard all the time). Let alone a 3 series TV show about the place wth...,none_detected,0,neutral,,
Reddit/AskAnAustralian,Alice Springs Desert Park,"Lived there for four years working within health. I would not suggest it, especially not with kids. It is expensive. It is dangerous at night and lifestyle options are limited. We were never broken into but they definitely tried. I got sick of the filthy streets, community provisions (playgrounds, mall,shops etc) being destroyed, the constant closure of businesses, the abuse just walking down the street or thru the food court and always wondering if ""today was our day"" for our car being smashed into every time I left Yeperene shopping centre. The surrounding area is exquisite. Just beautiful. But it does not make up for the stress of living there. Many are lifers and love it. This is just my experience. I suggest you join some Alice Springs FB groups (including the Alice Springs Council) and keep an eye on what is happening. That will give you an idea of the ups and downs of Alice.",Safety; Food/Dining; Value/Cost; Accommodation; Scenery/Landscape,5,negative,,
Reddit/AskScienceFiction,Alice Springs Desert Park,"My one minor criticism, in Alice Springs he would have a Toyota hilux or a landcruiser ute. Dual cab. Maybe a Nissan at a stretch. Everyone in the top end drives Toyotas if they can.",none_detected,0,neutral,,
Reddit/AustraliaTravel,Alice Springs Desert Park,"Hey I live in Alice Springs, just pull up at Coles and do some shopping. It will be fine. Try find a park in front of the entrance if you are concerned",none_detected,0,neutral,,
Reddit/AustralianPolitics,Alice Springs Desert Park,Have you been to a pub in alice springs? Food is garbage most of the time and you get harassed for cigarettes.,Food/Dining; Safety,2,neutral,,
Reddit/CarsAustralia,Alice Springs Desert Park,Great promo material there. *It survived in Alice Springs..... It can survive anywhere!*,none_detected,0,neutral,,
Reddit/Damnthatsinteresting,Alice Springs Desert Park,"All I know of Alice Springs is what I learned from Priscilla, Queen of the Desert.",none_detected,0,neutral,,
Reddit/Denmark,Alice Springs Desert Park,"Jeg var der i 2006 henover nytår, og der var det meget fredeligt. Aboriginerene sad i nogle indtørrede flodsystemer og drak sig fra sans og samling, men ikke nogen ubehagelig stemning. Der var dog ingen tvivl om, at det er et folk der har hårdt. Og så er Alice Springs et hul i jorden",none_detected,0,neutral,,
Reddit/FishingAustralia,Alice Springs Desert Park,Ask her what she thinks of Alice Springs. I have heard it is going down hill really fast,none_detected,0,neutral,,
Reddit/HumansBeingBros,Alice Springs Desert Park,"My hometown! It is actually called the Alice Springs Desert Park, and it is really cool and interesting even as a local who is been heaps of times.",Weather/Climate,1,neutral,,
Reddit/LNPCorruption,Alice Springs Desert Park,Is he in Alice Springs while making the announcement?,none_detected,0,neutral,,
Reddit/MapPorn,Alice Springs Desert Park,It is Alice Springs no?,none_detected,0,neutral,,
Reddit/Naturewasmetal,Alice Springs Desert Park,So this is where Alice Springs chicken comes from...,none_detected,0,neutral,,
Reddit/OldPhotosInRealLife,Alice Springs Desert Park,"The Overland Telegraph Station was established in 1872. This photo was taken Around 1900. More like 1901 perhaps, as the Federation drought is setting in. The drought did not break till 1903. This has all the look and feel of a classic Thomas Bradshaw picture. Bradshaw was Stationmaster here from 1899 to 1908. Mail came from Adelaide, 1000 miles to the South. Roughly 600 miles by train and the last 400 miles 2 or 3 weeks by camel or coach. Coach more often than not being an open wagon. The mail was by camel for much of the time. They could only use horses when there was not a drought, because of a lack of reliable wells, and there were many droughts through to 1929 when the train line was finally completed... It was around 1898 that the mail service had improved somewhat, from a six weekly service to a monthly one, and according to Stuart Traynor's notes (history guru).. Frank Gillen wrote his mate Spencer on 3 April 1898 with 'The mail leaves here tomorrow for the first time under the fortnightly new contract. Coaches are to leave here and Oodnadatta simultaneously, meet at Horseshoe Bend, exchange mails and return to their respective starting points. The previous Stationmaster from 1891-1899 Frank Gillen wrote ""Wells has, I am glad to say, sublet this end of the contract to a good man so that we have a chance of getting our mails regularly - We shall receive replies to our letters monthly"" - (My Dear Spencer pp. 211-212) The mail coach was a high-seated open buggy, not a stagecoach of the type used by Cobb & Co. Stagecoaches operated in outback Queensland but never on the Oodnadatta track. The four-weekly mail service between Alice Springs and Arltunga, the gold mining area East of Alice increased to fortnightly in 1899. Around this time there were about 300 white people at Arltunga and only a couple of dozen at Alice Springs. Alice Springs white population only got to 90 by the time the railway got here in 1929. Meanwhile, around 5500 Aboriginal people lived in the area [House Elf Adventures](",Scenery/Landscape; Activities/Walks; Cultural Experience,3,neutral,,
Reddit/PublicFreakout,Alice Springs Desert Park,Who is Alice Springs and why is she in Australia today?,none_detected,0,neutral,,
Reddit/UFOs,Alice Springs Desert Park,"This post explores the possible connection between the 1954 Mount Gillen UFO sighting and the sudden construction of the Joint Geological and Geophysical Research Station (JGGRS) in 1955 near Alice Springs. The station, originally built under classified YOU.S. Air Force oversight, features deep underground infrastructure, including a 10,000-foot borehole, raising suspicions about its true purpose. No official archaeological surveys were conducted during its construction, and by 1984, the site was officially protected, preventing further excavation. Given the timing, secrecy, and underground expansions, the theory suggests that JGGRS may have been built over an immovable UFO, hiding it in plain sight.",Accessibility/Facilities,1,neutral,,
Reddit/australia,Alice Springs Desert Park,"I feel we need to warn tourists about Alice Springs, unfortunately it became one of those zones in the world where a travel warning is actually necessary.",Safety,1,neutral,,
Reddit/australian,Alice Springs Desert Park,I worked in Alice Springs for a short period. I would not go back for all the tea in China. Awful fucking place in so many ways.,none_detected,0,neutral,,
Reddit/aviation,Alice Springs Desert Park,My wife and I went to Australia about 20 years ago and drove from Alice Springs to Uluru. My goodness there is a whole lot of nothing out there.,none_detected,0,neutral,,
Reddit/aww,Alice Springs Desert Park,"I just looked Alice Springs on google maps, and it looks unforgiving and difficult to get there. No wonder people live on the coast. Edit: I was looking around the Australian desert on google maps, and what is prominent hill up to? It seems suspicious.",Accessibility/Facilities,1,neutral,,
Reddit/circlejerkaustralia,Alice Springs Desert Park,"Indeed I do, and the main reason anyone goes to Alice Springs is on the way to Uluru. The second most common is people going to and from Adelaide to Darwin, generally long distance campers who do not want to do the round trip to Perth.",none_detected,0,neutral,,
Reddit/darwin,Alice Springs Desert Park,"Hey to a fellow (narrow) survivor. I do not really blame the redditors chiming in from their position of total ignorance. I just wish they would open by stating whether or not they have been a victim or a witness to this kind of thing, or spent time in Alice Springs. I suspect they cannot even begin to imagine what it is like. I have not been since 2009. It was like nothing I would ever seen before and I hear it is much, much worse now. I would describe it but reddit bots delete such descriptions.",none_detected,0,neutral,,
Reddit/friendlyjordies,Alice Springs Desert Park,"Lived evidence. I have spent most of my life living in high Aboriginal population areas including remote Northern WA. The issue of child abuse is absolutely well known and documented, it is absolutely tragic when kids literally 11 or 12 commit suicide and the police investigating knew they were being preyed upon but could not do anything about it. I have not had experience of living around Alice Springs but from what I see there is no reason to assume the issue would not be prevalent there as it is in other failed communities. Also, an issue is that obviously very well meaning people straight away condemn any white person raising the issue as right wing or a racist. While obviously these people exist, a very large number of people who raise the issue do so out of genuine care for the children in harm's way. If you are interested I suggest reading about Roebourne in WA, nearly every child had been preyed on but little could be done to protect the kids. Over 50 know pedophiles are still in the community, still getting mindlessly drunk and taking their filthy urges out on either their own kids or kids of parents too drunk or drugged to care , or who just accept it. The truth is held down by these blind calls of racism that prevent real action.",Safety; Cultural Experience,2,neutral,,
Reddit/geography,Alice Springs Desert Park,"You pretty much need to learn a new language to live in Alice Springs, AU",none_detected,0,neutral,,
Reddit/howislivingthere,Alice Springs Desert Park,"Just a few seperate news snippets: ""A 17-year-old charged over a violent home invasion in Alice Springs that left a baby with a fractured skull has been arrested after breaching bail."" ""A man has been charged for allegedly assaulting a man with a disability and indecently assaulting a woman while she was asleep during a break-in in Alice Springs."" 'Abby McGrath had been in Alice Springs less than 24 hours when she arrived home to what looked like the scene of a murder. Blood smeared the walls, her sheets and clothes. The house had been ransacked. She would later learn a group of young people had broken in while she was out for an hour, shopping for her new home. ""They had actually smashed the window, which must have cut their arm,"" she said. ""There was blood over everything.""'",Safety,1,neutral,,
Reddit/news,Alice Springs Desert Park,Alice Springs i think is notorious for its crime.,Safety,1,neutral,,
Reddit/pics,Alice Springs Desert Park,Alice Springs is just about dead center Australia.,none_detected,0,neutral,,
Reddit/todayilearned,Alice Springs Desert Park,I remember when we were planning our trip to australia and planned to stay just one night in Alice Springs before making our way down to Uluru. We spent the longest time on google maps debating how far to stay away from the Todd River so that we would not have to put up with mosquitoes and bugs. Then we decided to use street view.....,Accommodation; Weather/Climate; Scenery/Landscape; Accessibility/Facilities,4,neutral,,
Reddit/travel,Alice Springs Desert Park,Alice springs is one of those places I have always wanted to go,none_detected,0,neutral,,
TripAdvisor,Alice Springs Desert Park,Make sure you allow plenty of time especially if you want to join in on some of the talks and demonstrations. We spent four hours here easily. The bird demonstration was excellent (eagles etc). Very easy to walk around so no problem with prams or wheels of any kind.,Activities/Walks; Guides/Staff,2,neutral,,
GoogleMaps,Devils Marbles (Karlu Karlu),Amazing place,none_detected,0,neutral,,
GoogleMaps,Devils Marbles (Karlu Karlu),"Unbelievable this place, someone was very good back in the day placing all these boulders where they sit. Has toilets and lots of space to park up for a day or night. ...",Accommodation; Accessibility/Facilities,2,neutral,,
GoogleMaps,Devils Marbles (Karlu Karlu),"Karlu Karlu Stunning...and energetically beautiful! One of my fave places. Visited in daytime at 36 degrees, but sunrise was THE BEST!",Weather/Climate; Scenery/Landscape,2,neutral,,
GoogleMaps,Devils Marbles (Karlu Karlu),"At the map point, drive forward to reach the park and trailhead. Keep going until see the day use area sign The cool stone explanatory sign explains how it formed and the culture of some ...",Weather/Climate; Cultural Experience; Accessibility/Facilities,3,neutral,,
GoogleMaps,Devils Marbles (Karlu Karlu),Great place. Do not forget to eat at pub close by,Food/Dining,1,neutral,,
GoogleMaps,Devils Marbles (Karlu Karlu),"Great features of the rocks. Nice walks. Good scenery. Easy walking tracks around the main rocks. Toilets and parking is good. For the amount of time you might spend here, it is not worth the NT day pass. They need a different rate for different parks, like other states.",Activities/Walks; Value/Cost; Scenery/Landscape; Accessibility/Facilities,4,neutral,,
GoogleMaps,Devils Marbles (Karlu Karlu),Lovely spot,none_detected,0,neutral,,
GoogleMaps,Devils Marbles (Karlu Karlu),Definitely take a detour from the highway and check it out. Stretch the legs. Use the Wifi,none_detected,0,neutral,,
Reddit/AskAnAustralian,Devils Marbles (Karlu Karlu),Devils marbles.,none_detected,0,neutral,,
Reddit/EarthPorn,Devils Marbles (Karlu Karlu),Nice pic! small correction: Devils Marbles are in NT not WA,none_detected,0,neutral,,
Reddit/australia,Devils Marbles (Karlu Karlu),"why would not i believe you? i said some cultures are more equal than others, not always justifiably (caste systems deserve to be disregarded). From what i heard about the devils marbles is that in local legend the devils marbles and Uluru seeded planet earth. Do Not Know if the story is the same across all tribes. But obviously it is very important to them and now some dickhead went and took a shit on them",none_detected,0,neutral,,
Reddit/australia,Devils Marbles (Karlu Karlu),">The NT Parks and Wildlife Conservation Act prohibits climbing on and damaging the Devils Marbles. >It states ""a person must not in a park or reserve deposit or discharge noxious, offensive or polluting substances or material"". >The NT Sacred Sites Act is designed to protect cultural heritage areas from desecration. I do not see how he could not be prosecuted",Activities/Walks; Cultural Experience,2,neutral,,
Reddit/pics,Devils Marbles (Karlu Karlu),True. We respected the traditional owners at Uluṟyou and Kata Tjuta. We did the same here (Karlu Karlu) and did not walk over the rock formations. My 7 yr old held himself back quite well except for this moment for the photo (I did not prompt him to do this).,Scenery/Landscape; Activities/Walks; Cultural Experience,3,neutral,,
TripAdvisor,Devils Marbles (Karlu Karlu),"Devils Marbles, another very cool natural experience. Similar to Uluru where there is nothing surrounding them only small shrubs and tree. No Mountains or hills or other rocks. Just incredible, looks as if they have been dropped and placed there from the sky. Definitely need some time to walk around them to have a proper look. They are incredible.",Weather/Climate; Scenery/Landscape; Activities/Walks,3,neutral,,
TripAdvisor,Devils Marbles (Karlu Karlu),"these rocks are fascinating it makes you wonder if they are serpent eggs , the colours are amazing, it was a great place to stop the journey.",Scenery/Landscape,1,positive,,
TripAdvisor,Devils Marbles (Karlu Karlu),Basic amenities - but gorgeous stars and wonderful 'vibe'. I sat outside in the open on a moonless night just drinking in the Milky Way. It my new happy place.,Accommodation; Scenery/Landscape,2,positive,,
TripAdvisor,Devils Marbles (Karlu Karlu),Perfect for a little stop off and for a walk to stretch your legs either on the way to Alice or Darwin. Great information about the area. Free wifi at the main info hut too should you need.,Activities/Walks; Value/Cost; Accessibility/Facilities,3,positive,,
TripAdvisor,Devils Marbles (Karlu Karlu),"Whilst travelling the outback its definitely worth making a short detour to see the Devils Marbles. This weird and obscure formation of rocks is basically in the middle of nowhere and worth the detour for a photo opportunity, after all you probably will not venture down this stretch of road too often. Sunrise and sunset are key times for pictures but just be aware of travel times to your destination. You do not want to drive at night because there are Kangaroos and other wild animals that will cause your can some serious damage if hit.",Accommodation; Value/Cost; Scenery/Landscape; Accessibility/Facilities,4,neutral,,
TripAdvisor,Devils Marbles (Karlu Karlu),"With hundreds of kilometers of almost barren surroundings, Karlu Karlu makes for a nice spot to set up the tent and enjoy both the sunset and the sunrise while you observe the changing colors on the rocks. Having said that, I would not come here on purpose -not that much to see and too far away from everything. Another downside is the lack of respect that caravaners and campervanners show to the only tents area -arrive well before sunset if you want a spot. At least, the free generators zone was respected.",Accommodation; Value/Cost; Scenery/Landscape,3,neutral,,
TripAdvisor,Devils Marbles (Karlu Karlu),These are some of the most impressive boulders i have ever seen. It is a great place to take the family as you can play hide and seek in amongst the boulders and it will take a lot to find you. It is a great place to take photos as the colors in the rocks change depending what time it is. It is also a great place to get your photo taken. You can climb between the boulders and also climb up on top of them. There are toilets but no food outlet close by. Take the family for a day and enjoy the area. .,Food/Dining; Activities/Walks; Scenery/Landscape; Accessibility/Facilities,4,neutral,,
TripAdvisor,Devils Marbles (Karlu Karlu),"Do not just drive by, spend the night at the camp ground $3.30 per person and enjoy the sunset . Remember to collect firewood before entering the camp ground and marbles.",Accommodation; Activities/Walks; Scenery/Landscape; Accessibility/Facilities,4,negative,,
GoogleMaps,Kakadu National Park,"Amazing place, well worth a visit",Value/Cost,1,positive,,
Reddit/4x4Australia,Kakadu National Park,Short version> 2009 X-Trail (AWD). New to offroading. Got bogged on beaches. Tried some rough tracks. Car's copping damage. Confidence gone. Can this car handle real offroad stuff like Kakadu or Gibb? Or am I just bad? Roast me so I can learn. -Dude stuck on curbs,Activities/Walks,1,neutral,,
Reddit/AdviceAnimals,Kakadu National Park,Or Kakadu national park,none_detected,0,neutral,,
Reddit/Akubra,Kakadu National Park,I am from the NT - bold choice wearing all black to Kakadu brother. How was the heat?,Weather/Climate,1,neutral,,
Reddit/AlienBodies,Kakadu National Park,Hopi ant get around! I had to google this to make sure and wadda ya know. We now have actual bodies that match aboriginal art So what may be lurking in the caves of Oz?,Cultural Experience,1,neutral,,
Reddit/Anne,Kakadu National Park,'Kakadu' is making me chuckle,none_detected,0,neutral,,
Reddit/AskAnAustralian,Kakadu National Park,Never been to Kakadu but I ADORE kangaroo island. My brother lived there for a few years and so I visited with and without my young kids. It was incredible every trip.,none_detected,0,neutral,,
Reddit/AskMechanics,Kakadu National Park,Thanks so much for your comment. Appreciate it. Do you know if the 1GD-FTV engine has issues with 2016 Toyota Prado Kakadu? Someone else said I might have to replace camshaft (I have no idea what I am saying) but they have not looked at the car hence why I am asking if it is common.,none_detected,0,neutral,,
Reddit/AustraliaTravel,Kakadu National Park,"I can highly recommend part of a trip we did. We went from Darwin to Litchfield, to Kakadu, into gove (have family there) the down to Alice. From Alice we spent a day trip out to the east Macdonald ranges, then out to the west Mac's, staying at Redbank gorge, then we got bored there after 2days and went to palm valley, I loved palm valley and would say it is a must. Then there is a little town near the road into palm valley, at the local shop/servo you can buy the permit to do the mereenie loop (sort of a short cut to Kings canyon. Then from Kings down to Uluru and Kata juta. I thought Bulli rock hole at Litchfield was awesome we stay at Florence falls campground, and you could go to Bulli after all the tourist bus's have left and just about have to place to yourself. Mataranka is good for a night, the springs are better at bitter springs, but the caravan park at mataranka hot springs put on a show every night which is a nice change. Katherine gorge was good but I would not go back. King canyon is a must, it is insane the scale of it, be prepared for a big walk, but it is worth it, I also thought Kata juta was better than Uluru but that is probably because it is less touristy, we did a sunset helicopter flight over both, and it was amazing. I know this is a bit all over the shop, but I will say if you want to stay at any of the public camp spots like Redbank, Florence falls, or Palm valley, make sure you get there early as the spots get filled up very early. And the private parks at Kings canyon and Yulara (Uluru) checking wait time was about an hour at both. But the water pressure in the showers at Kings canyon was worth the wait.",Activities/Walks; Accessibility/Facilities; Weather/Climate; Value/Cost; Accommodation; Scenery/Landscape,6,positive,,
Reddit/CarsAustralia,Kakadu National Park,"In that budget, the Prado Kakadu is hard to beat for reliability and aftermarket support. Alternatives would be the **LC200 (higher kms at that price)**, or maybe a **Pajero Sport Exceed** if you do not mind something smaller. Patrol Y62s sometimes dip into the high end of your range too - heaps of mod potential, but thirsty on fuel.",Value/Cost; Scenery/Landscape,2,neutral,,
Reddit/Crocodiles,Kakadu National Park,"Hello everyone, I just wanted to share something that I think is interesting :) This river is called ""Alligators River"" and it is located in Kakadu National Park, Northen Territory, Australia. There is a street crossing the river, when the water rises (only a few hours in the morning) all the fishes are jumping from side to side, so easy food for the crocodiles! Look how many, I could count like 30 of them!",Food/Dining,1,neutral,,
Reddit/EarthPorn,Kakadu National Park,"In the Yellow Water\* in Kakadu, that would be a saltwater crocodile. Biggest reptile in the world, unafraid of humans, and a deadly ambush predator. \* I think that is the correct name -- ""Yellow River"" is a mistake, I think.",none_detected,0,neutral,,
Reddit/FostTalicska,Kakadu National Park,>Kakadu gengszter az életem.,none_detected,0,neutral,,
Reddit/OutdoorAus,Kakadu National Park,I grew up in Kakadu. Dad was a park ranger there for 30 years Incredible place and a piece of my heart will always be there,Guides/Staff,1,positive,,
Reddit/PrequelMemes,Kakadu National Park,kakadu stein,none_detected,0,neutral,,
Reddit/Spacemarine,Kakadu National Park,Man Kakadu national park looks different than I remember,none_detected,0,neutral,,
Reddit/Suomi,Kakadu National Park,Saatiinkohan kakadu lopulta onnellisesti kotiin? Toivottavasti tämäkin tieto päätyy reddittiin,none_detected,0,neutral,,
Reddit/TurkishBirds,Kakadu National Park,"Katılıyorum, kakadular ne kadar tatlı olabiliyorsa o kadar deli olabiliyor. Ayrıca insan bakımı altında olumsuz durumlardan en çok etkilenen, mutlu etmesi en zor cinslerden biri. Kayıklar da büyük olmayan boylarına rağmen inanılmaz enerjik ve kontrol etmesi zor hayvanlar. Davranış bozukluklarına en yatkın türler oluyor bu aşırı enerjik türler. Mutlu edilmezlerse, ki mutlu edebilmek gerçekten zor, kendilerine zarar vermeye başlıyorlar. Buna başladıklarında da tamamen iyileşebilme çok nadir. OP, şunu da belirtmek lazım ki papağana verdiğin paranın yakınını bakımında kullanacağın eşyalara da vereceksin. Böyle kontrol edilmesi zor türler spesifik yaşam koşulları ve bir sürü ilgi, para istiyor. Kakadu alacaksan masraf olarak büyük türlerde 150k, küçük türlerde 60-70k, kayık alacaksan da 40-50k ödemeye hazır old. Veteriner masrafları dahil de değil. Piyasada bulduğun büyük kafesler bile yeterli olmayacaktır bir kakaduya. Mesela profilimden kendi kafesimi görebilirsin, piyasadaki en büyük kafeslerden biri ve ona en fazla kayık, küçük tür konur, pakistan papağanı falan konur. Jako bile koymam ki jako dediğimiz hayvan kakadunun enerjikliğinin asla yanından geçemez. Abartıldığını iddia eden birinin kendi kuşuna gerçekten düzgün koşullar sağladığından çok şüphe duyarım. Kedi köpek gibi hayvanlar değil bunlar, vahşi hayvanlar.",none_detected,0,neutral,,
Reddit/WarshipPorn,Kakadu National Park,"""*TIMOR SEA (Sept. 15, 2024) - The Arleigh Burke-class guided-missile destroyer USS Dewey (DDG 105) fires the Mark 45 5-Inch light-weight gun during a live-fire weapons drill aboard the Arleigh Burke-class guided-missile destroyer USS Dewey (DDG 105) as part of exercise Kakadu 2024 while operating in the Timor Sea, Sept. 15, 2024. Dewey is forward-deployed and assigned to Destroyer Squadron (DESRON) 15, the Navy's largest DESRON and the YOU.S. 7th Fleet's principal surface force. Exercise Kakadu is the Royal Australian Navy's premier exercise and provides an opportunity for regional nations to participate in multinational maritime activities, from humanitarian assistance and search and rescue operations to high-end maritime warfare scenarios*."" YOU.S. Navy photo by Mass Communication Specialist 1st Class Greg Johnson",none_detected,0,neutral,,
Reddit/Wellthatsucks,Kakadu National Park,Kakadu National Park in Australia is not the best place to be a fish.,none_detected,0,neutral,,
Reddit/aus,Kakadu National Park,"> * Gunlom Falls, one of Kakadu National Park's most popular sites, will be reopened today, giving visitors access for the first time in six years. > * The waterfall was closed in 2019 due to a dispute between traditional owners and Parks Australia over damage to a sacred Aboriginal men's site. > * The top pool and campground will be reopened, but the bottom pool remains closed for now due to crocodile risk.",Accommodation; Safety; Cultural Experience; Scenery/Landscape,4,negative,,
Reddit/australia,Kakadu National Park,You cannot name them. Many of the sacred sites across the NT are heavily guarded and hidden and known only to locals. I back-country hike all the time in Kakadu and there are strict rules around where you are allowed to hike. You also are not allowed to take pictures of the art and share them on social media unless its a known art site like Ubirr. The fact is if they named them to the general public and shared where they were then people would be trying to go no matter how many signs tell you not to.,Activities/Walks; Cultural Experience; Accessibility/Facilities,3,neutral,,
Reddit/australian,Kakadu National Park,">By James Elton >**In short:** >Parks Australia has been handed a historic $200,000 fine after the Commonwealth agency pleaded guilty to exposing a sacred site at Gunlom Falls. >The waterfall has been closed to tourists since 2019, after a sacred men's site was damaged during the construction of a walkway. >**What is next?** >Traditional custodians say the popular site in the Northern Territory's Kakadu National Park will reopen to tourists next year.",Scenery/Landscape; Cultural Experience,2,neutral,,
Reddit/birdswitharms,Kakadu National Park,"Yeah, OP might just be German, as kakadu is the German word for cockatoo.",none_detected,0,neutral,,
Reddit/darwin,Kakadu National Park,"Day 2 - you could do jumping crocs on your way out to jabiru. Go to cahills crossing first and then do ubirr for sunset! I would squish your day 3 & 4 activities in together. Get up super early and drive to cooinda and do the sunrise yellow water cruise, then do the rock art sites on your way back. Or do the opposite and drive to cooinda and do the sunset tour, if you want to stay there. Then day 4 do a waterfall tour - think I did a tour with Kakadu tourism, Kakadu adventure tour. Fogg dam is nice for wildlife watching but think you probably need a good hour or so. Why lake Bennett? Are you going to stay there and use as base for Litchfield? I would stay at Litchfield overnight and have a bit more chill time there. And do Florence & buley on day 6 and then Wangi and other waterfalls on day 7 - You can also do the cascades if you are both willing to walk a bit.",Activities/Walks; Accessibility/Facilities; Accommodation; Scenery/Landscape; Cultural Experience,5,neutral,,
Reddit/europe,Kakadu National Park,Kakadu,none_detected,0,neutral,,
Reddit/hungary,Kakadu National Park,"Az hagyján: a kakadu még be sem fejezte a ""teljes körű tűzszünet"" apropóján megkezdett seggnyalást, már jönnek a hírek, hogy azt az indiai Jammu és Srinagar felett szedi le a lövedékeket a légelhárítás.",none_detected,0,neutral,,
Reddit/interestingasfuck,Kakadu National Park,"This place is known as Cahill's Crossing on the East Alligator River in Kakadu Nat'l Park. Quite a bit about it online, [here is a decent YouTube video]( from Wonder World about it.",none_detected,0,neutral,,
Reddit/natureismetal,Kakadu National Park,"I did the river tour at kakadu national park and the tour guid was like ""this is maxi, the dominant male of this area"". Maxi stayed with the boat for over half and hour and the pics I took of him in the sunset are some of my proudest. Amazing to see him like this",Accommodation; Activities/Walks; Scenery/Landscape,3,neutral,,
Reddit/news,Kakadu National Park,Kakadu is exactly how my 3 year old would say crocodile.,none_detected,0,neutral,,
Reddit/ninjacreami,Kakadu National Park,"Thanks, tasted great! I used Mango, Kakadu Plum powder, pinch of turmeric and some cream and milk. Did not really measure.",none_detected,0,neutral,,
Reddit/pics,Kakadu National Park,The entire grassed area was originally concrete and a crumbling planter box. I put in the Buffalo Kakadu grass about 2 months ago and it has come up a treat. Link to photos during the work [,none_detected,0,neutral,,
Reddit/redscarepod,Kakadu National Park,my dad had a conference up there so i tagged along for a free trip. darwin was whack but kakadu is gorgeous,Value/Cost,1,neutral,,
Reddit/soccer,Kakadu National Park,Love a good kakadu.,none_detected,0,neutral,,
Reddit/talk_hunfluencers,Kakadu National Park,Kakadu,none_detected,0,neutral,,
Reddit/travel,Kakadu National Park,What area of Kakadu is this?,none_detected,0,neutral,,
Reddit/worldnews,Kakadu National Park,kakadu a kurva anyad,none_detected,0,neutral,,
TripAdvisor,Kakadu National Park,"One of the best most beautiful places in between Darwin & Katherine, really worth the visit and a swim!",Activities/Walks; Value/Cost; Scenery/Landscape,3,positive,,
GoogleMaps,West MacDonnell National Park,Well worth the drive and walks.,Activities/Walks; Value/Cost; Accessibility/Facilities,3,positive,,
GoogleMaps,West MacDonnell National Park,Great dive and walks. Fascinating scenery,Activities/Walks; Scenery/Landscape,2,neutral,,
GoogleMaps,West MacDonnell National Park,Beautiful!! Make sure you come well prepared with food/water & you will enjoy it more,Food/Dining; Scenery/Landscape,2,neutral,,
GoogleMaps,West MacDonnell National Park,Beautiful place awesome views!,Scenery/Landscape,1,positive,,
GoogleMaps,West MacDonnell National Park,Must see in the red centre,Scenery/Landscape,1,neutral,,
GoogleMaps,West MacDonnell National Park,Nice place to relax,none_detected,0,neutral,,
Reddit/AskAnAustralian,West MacDonnell National Park,"There is some really amazing hiking and views through the West MacDonnell ranges, enjoy",Activities/Walks; Scenery/Landscape,2,positive,,
Reddit/AskAnAustralian,West MacDonnell National Park,"Jetstar is having a sale on flights into Yulara at the moment, so it is a good time to grab a bargain. You can fold some tourist activities (like Field of Lights) into your accommodation costs when you book into the resort, or you can book it separately if you are camping. AAT Kings do bus tours to Kata Tjuta, Kings Canyon, and along the West Macs. None of this is cheap though. Late May is usually a good time to come, warm days with cool nights.",Activities/Walks; Accessibility/Facilities; Weather/Climate; Value/Cost; Accommodation; Scenery/Landscape,6,neutral,,
Reddit/AustraliaTravel,West MacDonnell National Park,"Some comments and questions: * For me, Cairns (Port Douglas) is a *much* better Great Barrier Reef land base than the Whitsundays * More to see and do, the Reef is closer, and flights are much better * Fly UK > Singapore / BKK / KUL > Cairns, then Cairns > Gold Coast (OOL) You have the time to rent a vehicle in Alice Springs, and drive: * Namatjira Drive to Glen Helen (West MacDonnell's) and return - 2D * Drive to Kings Canyon (Watarrka NP) - 2D * Drive to Yulara (Uluru and Kata Tjuta) - 3D * Drive back to Kulgera, and take the road south to Adelaide (Coober Pedy, Flinders) * Adelaide wine regions, and it is a nice city You either drop the car and take a plane, train, or bus to Melbourne, or you drive the vehicle over two days on the straight highway, or 3-4 days via the GOR. Note that the world's best football code is called ""NRL"" or ""League"" ... ""Rugby"" generally means Rugby Union (played by pansies and toffs) - except among Melbourne people who are woefully ignorant about both games.",Food/Dining; Weather/Climate; Scenery/Landscape; Accessibility/Facilities,4,neutral,,
Reddit/AustraliaTravel,West MacDonnell National Park,"They are going all that way, and want to experience some outback. They should not miss the Alice Springs Desert Park, the West MacDonnell's and Kings Canyon ... all very good. And Coober Pedy / Flinders Ranges are pretty out-there as well. Renting a van one-way might be a challenge - but a Toyota Hiace style van should be possible.",Scenery/Landscape,1,neutral,,
Reddit/AustraliaTravel,West MacDonnell National Park,"We lived in Alice Springs for six years and Darwin for ten years, so of course we are rather fond of the Northern Territory. And while I think the West MacDonnell's are one of the best 100 km you can do in the country, I reluctantly agree with the others that - on a fairly short trip - four nights for the Big Three is enough (Kings Canyon, Uluru, and Kata Tjuta). If this gives you six nights in Sydney rather than four, then it is a sacrifice worth making. Make sure you do not waste those Sydney days - tourist trinkets like HOHO buses and harbour tours are totally unnecessary, as is the bridge climb in my view, but I have not done it. So your five full days in The Emerald City can cover: * Manly Beach by ferry and Taronga Zoo (on the same day, via Balmoral Beach) * Watsons Bay Ferry, Bondi Beach, Coastal Walk to Coogee, Bondi Junction * Blue Mountains day-trip (cheap train from Central to Katoomba about 7:00 AM) * Old Sydney and Queer Sydney (Domain, NSWAG, Museum, Taylor Square, Kings Cross) * I would try to fit in Pyrmont, Glebe, Balmain, Paddington, Surry Hills, and Newtown as well * The Rocks, Barangaroo, Darling Harbour, Maritime Museum, Chinatown, Pitt Street Mall That is a pretty good program. Public transport is excellent - so I recommend you use it.",Activities/Walks; Accessibility/Facilities; Value/Cost; Accommodation; Scenery/Landscape; Cultural Experience,6,positive,,
Reddit/AustraliaTravel,West MacDonnell National Park,"Hey guys, posted an updated itinerary.. just incase any of you lovely peeps were following lol... Planning a mad month itinerary for Oz in May 2025. I have gone into a lot of detail, I am just very excited! Our fixed dates are a family wedding and hopefully the State of Origin game, and we hope that the other highlights will be Barrier Reef and some time in the Outback. We are two persons for the full trip, my partner and I (30s & 40s) are reasonable fitness, like to keep busy, but also will not be on the go at 8am every morning! We are both fine with hiking, snorkelling, like to take a lot of pictures and visit the odd museum, experiencing a bit of culture. My mum (70s) will join us for the first week in Cairns. She is also active, but given her age will not want to be running around knackering herself out! I would love feedback on the itinerary, specifically the following: o Cairns area: Where do you think to stay for 3rd-4th-5th? ***I have heard that Cairns and Port Douglas are good bases, but I think they are too much like resorts for our taste? ***My partner is interested in staying on Fitzroy island? But I think that would be too much of a faff to get to and from rainforest etc? One idea is to stay the first two nights on Fitzroy and then transfer to Cairns island? ***I like the idea of experience of experiencing a unique place like Cape Tribulation but I do not know if it is too isolated for a couple of nights? ***Are we better to fly from Gold Coast / Brisbane to Alice Springs and then hire van to drive South or vice versa? oWhat do you think about the Outback section? Anyway, so here we go! • Late evening Thurs 30th June/early Friday 1st May: departure from Northeast Scotland • Late Saturday 2nd or early Sunday 3rd: arrival in Cairns • Sunday 3rd: chill & transfer to hotel • Monday 4th & Tuesday 5th: chill & barrier reef • Wed 6th: Copper Creek wilderness - Daintree discovery centre & river cruise - mossman gorge - Cathedral fig tree - eat in Yungaburra. Sleep in either Chambers Wildlife rainforest lodges or canopy rainforest wildlife sanctuary • Thurs 7th: Milaa Milaa Falls - Zillie Falls - Eillinjaa Falls - Wallicher Falls - Tchupala Falls - Josephine Falls - Evening flight to Gold Coast • Friday 8th: family time • Sat 9th: wedding • Sun 10th, Mon 11th, Tuesday 12th: family time • Tuesday 12th: Evening flight to Outback • Wed 13th: chill in Alice springs, museum, gallery • Thursday 14th: Simpsons Gap - Standley Chasm - Ellery Creek Big Hole (3km hike) - Serpentine Gorge - Ochre Pits - Camp at Ormiston gorge • Friday 15th: Ormiston gorge - glen helon gorge - redbank gorge (30 min hike) - Mount Sonder hike (6 hours) • Sat 16th: 2 hour drive to Kings Canyon - 4 hour rim walk (easy) - drive towards Uluru • Sun 17th: finish drive to kata Tjuta - chilled 4 hour hike • Mon 18th: cycle round uluru (presumably bikes are easy enough to hire) • Tues 19th: 8 hour drive to Coober Pedy - stop at Kanku-Breakaways • Wed 20th & Thurs 21st: 2 chilled days at Coober Pedy - Tom's Opal Mine - Umoona - Josephine's Gallery - Old Timers - Serbian Orthodox Church • Friday 22nd: Drive oodnadatta track to Flinders - possible to go via Lake Eyre? I do not think so without a huge detour • Sat 23rd: arrival at Flinders, lunchtimish • Sun 24th: Brachina Gorge - Bunyeroo Gorge - Stokes Hill - Rawnsley Bluff - Wangara Lookouts Hike • Mon 25th: 5 hour drive to Adelaide airport via Moralana Scenic Drive - Jeff Morgan Gallery - Bumbunga Lake - evening flight to Melbourne • Tues 26th- sat 30th: State of Origin rugby league on Wednesday 27th, flight home on Sat 30th, arrival on Sunday 31st, back to work on Monday 1st!",Activities/Walks; Accessibility/Facilities; Food/Dining; Weather/Climate; Accommodation; Scenery/Landscape; Cultural Experience,7,neutral,,
Reddit/EarthPorn,West MacDonnell National Park,Alice Springs is my home town.....so many places like this. Ormiston Gorge and Ellery Big Hole were amongst my favorites.,Scenery/Landscape,1,neutral,,
Reddit/OutdoorAus,West MacDonnell National Park,"I have been 3 times over the years. I found camping to be safe and easy. Sunsets on the rock are easy, just drive, take your dinner and some drinks. You can self walk around the base and see some caves etc. Personally the real magic in in the west macdonnell ranges.",Safety; Activities/Walks; Accessibility/Facilities; Food/Dining; Scenery/Landscape,5,neutral,,
Reddit/UltralightAus,West MacDonnell National Park,"I reckon Larapinta is heaps better than Jatbula anyway. You can definitely have a relaxing experience on Larapinta, some of the sections are not too hard. If I had six days and wanted to go easier I would probably go from Ellery Creek and hike around to camp at Ellery North then continue on to Ormiston Gorge. There is some climbs and scrambles through that section but nothing too bad and you can have short days to split it up. Honestly when I went I camped alone at Ellery North, Serpentine Gorge and then a random creek bed in section 9. Then only two others at Hermits Hideaway. The ends of the trail and road accessible sites that have public camping for cars are busy (like Ormiston Gorge). But at Ormiston you camp away from the cars, though it still felt sort of busy. High camps are usually less busy, but they can also be less available space so you have to hedge your bets.",Accommodation; Activities/Walks; Scenery/Landscape; Accessibility/Facilities,4,neutral,,
Reddit/australia,West MacDonnell National Park,West Macdonnell (sic?) ranges are so beautiful.,Scenery/Landscape,1,neutral,,
TripAdvisor,West MacDonnell National Park,We walked through here after a long trek. Popular spot for swimmers but it was a lovely place to visit.,Activities/Walks,1,neutral,,
TripAdvisor,West MacDonnell National Park,One of the best gorges in this area and a fabulous opportunity for photograph. On a hot day you can even jump in for a swim. Very easy access and well with a trip.,Weather/Climate; Activities/Walks,2,neutral,,
TripAdvisor,West MacDonnell National Park,"Lovely walk through the gorge. The track is easy to follow and not too difficult. Quite a lot of steps, but very manageable. Do not go when it is really hot.",Weather/Climate; Activities/Walks; Scenery/Landscape,3,neutral,,
TripAdvisor,West MacDonnell National Park,what an amazingly beautiful place to visit. the colours. the shades. the water. the rocks. the ambience,Scenery/Landscape,1,neutral,,
TripAdvisor,West MacDonnell National Park,"This is a must do in the West MacDonnell National Park. It is a short walk from the parking lot to the lake. Around the small lake are some beaches and on one side high red rocks. The water was cool but not to cold to go in. We did saw Australasian Darter, Crested Pigeons, Australasian Grebes and two Whistling Kites. On the other side of the lake I did walk over the rocks into the gorge. The Ormiston creek was almost gone after 6 months of no rain. That part of the gorge did had the best views. (I did not do the Ghost Gum Walk). We did eat at the kiosk by the parking lot. They did serve a good lunch. We did spend 3 hours here.",Activities/Walks; Accessibility/Facilities; Food/Dining; Weather/Climate; Scenery/Landscape,5,neutral,,
TripAdvisor,West MacDonnell National Park,We had Ormiston Gorge to ourselves. The stones on the walk were picked up to skip on the water in the Gorge. One person was able to get their stone to skip several times. The Gorge was a very nice example of the Australian outback.,Activities/Walks; Scenery/Landscape,2,neutral,,
GoogleMaps,Nitmiluk National Park,Good lookout.,Scenery/Landscape,1,positive,,
GoogleMaps,Nitmiluk National Park,Must see; beautiful gorge with a nice boat ride and great swimming in a rockhole.,Activities/Walks; Scenery/Landscape,2,positive,,
GoogleMaps,Nitmiluk National Park,Bucket list destination lived up to expectations,none_detected,0,neutral,,
Reddit/AskReddit,Nitmiluk National Park,Nitmiluk Gorge,Scenery/Landscape,1,neutral,,
Reddit/AustraliaTravel,Nitmiluk National Park,"Nitmiluk NP is very scenic, but sort of a one-trick pony - with a series of red-rock gorges. Kakadu has a lot more variety, and a lot more crocodiles! The Yellow Waters cruise at Cooinda is wonderful. There is not a lot of difference in the travel times between the two.",Activities/Walks; Scenery/Landscape,2,neutral,,
Reddit/AustraliaTravel,Nitmiluk National Park,are the sights worth it in Kakadu for just the aboriginal rocks itself? Seems like I can get crocs in Nitmiluk so then not sure what other landscape views I am trading in with Kakadu for that longer drive?,Scenery/Landscape; Value/Cost; Cultural Experience; Accessibility/Facilities,4,neutral,,
Reddit/Bushwalking,Nitmiluk National Park,"I have not tried for the Jatbula, but experience similar issues for other hikes (like Thornsborne Trail, Hinchinbrook) they are super popular and disappear in an instant. In QLD commercial/group permits are generally a separate system (on top of private bookings). Looks like you might be able to convince NT Parks that you are seasoned hikers (as a group) and hike outside the regular season; >If you wish to walk out of season, you must be an experienced group or organisation. 1 week outside of 'the' season might still be ok for experienced walkers? It most definitely sucks, especially when people cancel a week before, but that is not enough time (for most people) to drop everything and make use of the free slot.",Weather/Climate; Activities/Walks; Value/Cost,3,neutral,,
Reddit/EarthPorn,Nitmiluk National Park,"Yellow Water is in Kakadu, which is a bit further away up North. You probably mean Nitmiluk/Katherine River.",none_detected,0,neutral,,
Reddit/OutdoorAus,Nitmiluk National Park,Hi would you accept a story about Nitmiluk National Park in the NT? And when is the deadline,none_detected,0,neutral,,
Reddit/RitaFourEssenceSystem,Nitmiluk National Park,"In my GG i talked with Rita about my fears of losing my style when travelling. I tend to end up in Lost Girl mode when I am dressing only for practicality. Extravagant was one of the keywords she gave to help me consider my style needs. This helped me create an incredibly satisfying outfit for this day trip. Situation: very long road trip to Nitmiluk National Park, hiking at Katherine Gorge and a swim at Leliyn (Edith Falls). I wanted to look bright, intentional and badass for this adventure. I planned around the purple crop, which I knew would be more comfortable to hike/swim in than a bikini top. The chunky necklace is lightweight and not fiddly. I discovered the black denim shorts are not great for steep climbs but they were fine for the gentler sections of the 7km trail. I was almost going to pick a no-nonsense practical shirt, but decided to go tropical instead, like some kind of shipwrecked fool wandering in the desert. The checked red cord shirt protected against the morning chill. Keywords: elemental+extravagant, intriguing+dramatic. Slide 2: welcome to Jawoyn Country. The national park is managed by its traditional owners, who have been using the area continuously for more than 40,000 years. It is known as Nitmiluk. ""Nitmi"" translates to cicada, luk is ""place of"". I have included some of my favourite photos from the day here for a sense of context.",Cultural Experience; Activities/Walks; Scenery/Landscape; Accessibility/Facilities,4,neutral,,
Reddit/UltralightAus,Nitmiluk National Park,Good to know thanks. This site does actually suggest there is helis but at my expense.,none_detected,0,neutral,,
Reddit/australia,Nitmiluk National Park,"I love the outback too and never find it boring so can understand why you find it appealing. I have not done the Nullabor yet (next year) but there seems to be heaps of things to see along the way. I would download Wikicamps (it is worth the price) to find campsites and points of interest. On the highways, it is easy enough and plenty of mobile phone service most of the time or enough traffic if you are in a spot without it you can flag for help but if you go off road I would recommend taking something like a Zoleo (do not necessarily need a sat phone). You can suspend the service when you no longer need it. You could probably do most of what you want without going offroad. As far as a route you could do Melbourne (haha I am biased as I live there so all my trips start there) to Twelve Apostles to Adelaide to Lake Hillier to Perth (Rottnest Island) to Broome to Nitmiluk to Darwin to Daintree then through Cairns on your way down to Brisbane to Three Sisters/Sydney then fly home from there. A rough plan on google shows this is about 136h of driving. This skips Uluru though it is more inner Australia and out of the way. You could always go to Uluru from Nitmiluk then to the Three Sisters across to Sydney and work your way up to Cairns and Daintree through Brisbane (another 46h driving then you have to figure out where to go to fly home after that if you did not want to back track much, maybe fly to Brisbane and go home from there). Uluru adds a significant detour so it is awkward to fit it in to be honest. I LOVED Uluru (particularly Kata Tjuta) though so definitely recommend it. It is not bleak and dangerous along the Stuart Highway to get there but I would avoid driving from dusk onwards as risk of animal strike is high (dingos, wedgetailed eagles, roos, cows, occasionally a camel makes an appearance as well). NT and outback SA have been my favourite trip places. If you do go through the inner part places I liked that are not too hard or desolate are Palm Valley, Mereenie Loop, Kings Canyon (my favourite walk ever), Flinders Ranges, Coober Pedy (weirdest town ever), Birdsville Track, Ooodnadatta Track. I could write for hours on this topic but I will leave it there, feel free to ask any questions!",Safety; Activities/Walks; Accessibility/Facilities; Weather/Climate; Value/Cost; Scenery/Landscape,6,neutral,,
Reddit/australia,Nitmiluk National Park,"Fraser needs a 4WD, all the tracks are deep, powdery sand. So might make more sense to do that as a tour. Nitmiluk has multi day walks aside from Jatbula that go up the gorge, with water tanks to fill up along the way. As someone else said, carrying a lot of water on trails like Jatbula is the main challenge as there will probably be no flowing water along the trails in July. If you are in that region you can easily do Kakadu, Litchfield and Nitmiluk in a week or two. If you are into longer walks, Litchfield does not have any, Kakadu has day walks up to 20km (Jim Jim, Yurmikmik and the Nourlangie Barrk walk).",Activities/Walks; Scenery/Landscape,2,neutral,,
Reddit/australia,Nitmiluk National Park,"At Nitmiluk, rent a canoe for half a day, it is great, a little pricey but worth it I AM GOING TO... I loved it so much I am returning next week to do it again, lol (I would avoid Tennant Creek, ok for cheap fuel but not a good place to spend a night, high crime and such)",Accommodation; Safety; Activities/Walks; Value/Cost,4,negative,,
Reddit/darwin,Nitmiluk National Park,"I would stay at Knotties or the contour. And the southern rockhole at Nitmiluk is amazing, had some family visiting from interstate go there for a swim.",Accommodation; Activities/Walks,2,neutral,,
Reddit/darwin,Nitmiluk National Park,Kakadu is still very closed and most of it will not be open until July. Id go with Litchfield since you want swimming but most campsites are probably booked out since it is school holidays but you can try online. So Katherine might be your best bet you just need to walk to any swimming hole or catch an expensive ferry Umbrawarra is a good option as well if there are spots.,Activities/Walks; Value/Cost,2,positive,,
Reddit/darwin,Nitmiluk National Park,"Also if you want to do a magnificent hike, Nitmiluk is stunning or a lot of hikes around Jabiru to see rock art.",Cultural Experience; Activities/Walks; Scenery/Landscape,3,positive,,
Reddit/spaceporn,Nitmiluk National Park,Live in NT near Nitmiluk. 420am now. Clear skies. Can confirm.,none_detected,0,neutral,,
Reddit/travel,Nitmiluk National Park,"Thanks! We have not been but had a break planned in Litchfield on the drive to Nitmiluk. Hopefully we should be able to see the termite mounds and one of the falls. We are not allowed to take the van on unpaved roads so will have to wait for the next time for anything like that. Eventually we are thinking we would go from Perth to Adelaide, going around the northern area and then through Alice Springs.",Accessibility/Facilities,1,neutral,,
Reddit/whereintheworld,Nitmiluk National Park,Nitmiluk Gorge?,Scenery/Landscape,1,neutral,,
TripAdvisor,Nitmiluk National Park,"Our group ( my wife and I and another couple) visited Nitmiluk National Park during our stopover in Katherine. The park is easily accessible by a good sealed road and is a ""Must Do"" for anyone travelling up the Stuart Highway. There is ample parking available at the Visitor Centre where visitors can avail themselves of meals and souvenirs, take a walk through the diorama depicting the history and geography of Nitmiluk and the Gorges and book tours. For younger and fitter folk they are able to hire canoes to explore the gorges or they can discover the park via the many walking tracks. We did it the easy way, opting to view the gorges while taking a cruise.",Activities/Walks; Accessibility/Facilities; Food/Dining; Cultural Experience; Scenery/Landscape,5,neutral,,
TripAdvisor,Nitmiluk National Park,"We visited 2 locations in Nitmiluk - Edith Falls in the afternoon on the way from Kakadu to Katherine and then we did the dawn cruise with Nitmiluk Tours the following morning. Edith Falls offers both spectacular scenery and a rare opportunity to swim right under the waterfall. We did the walk to the Upper Pool and the scenery, views of the falls and the native flora were absolutely fantastic. We enjoyed a swim in the upper pool for about an hour and you can swim quite safely right under the waterfall, although do not dive in head first as there are many submerged rocks. You need a fair bit of luck with your timing as well as a large tour group arrived just as we finised our swim and things got a bit noisy and crowded. Having stayed the night in Katherine we then headed to the Katherine Gorge section of the park to do the Dawn cruise. Again in this section of the park we were in awe of the natural beauty of the park. The dawn cruise takes in the first 2 gorges which gives you just a taste of the beauty of the area - if you have longer canoeing and/or bushwalking would be great options. There is plenty of wildlife to be seen around the Gorge carpark and visitor centre - on the day we visited we saw thousands of bats, birds and quite a few wallabies. Having just had a relatively small taste of Nitmiluk we would love to go back one day and it is defintely one of the best parks in Australia.",Accommodation; Activities/Walks; Scenery/Landscape; Accessibility/Facilities,4,neutral,,
TripAdvisor,Nitmiluk National Park,"Highlight of our 2 day visit was the Sunset dinner cruise on Katherine River - 2 gorges (only due to water level) , spectacular orange & pink colours to the gorge, viewing historic Aboriginal art, rare micro bats in small caves, several sightings of fresh water crocs, bird life, honoured to have traditional Aboriginal guide share his knowledge of the area, wonderful 5 course dinner, champagne (drinks extra) and our BBQ barramundi cooked perfectly. Felt like we had the whole gorge to ourselves and with the back drop of a spectacular gorge sunset. At this time of year you can hire the canoe on hourly rate and found 1 hour (if fit) was enough time to travel to end of first gorge and back. Surprising it was reasonable cool to be on the water with some wind despite 40 degrees. Enjoyed a swim in the river following canoe. In october - I would recommend doing some of the walks in the Nitmiluk NP but start before dawn (5:45am) and you will be rewarded with photographic opportunities at sunrise and feel more comfortable. Flies bit of problem but keep walking.",Activities/Walks; Food/Dining; Weather/Climate; Guides/Staff; Scenery/Landscape; Cultural Experience,6,positive,,
